x-axis,1
second,Volt
-0.100000062811,0.848117
-0.0999000628109,0.933021
-0.0998000628109,0.833966
-0.0997000628109,0.961323
-0.0996000628109,0.897644
-0.0995000628109,0.91887
-0.0994000628109,0.982549
-0.0993000628109,0.975473
-0.0992000628109,1.06038
-0.0991000628109,1.01085
-0.0990000628109,0.982549
-0.0989000628109,1.0533
-0.0988000628109,0.975473
-0.0987000628109,1.06745
-0.0986000628109,1.06745
-0.0985000628109,1.0533
-0.0984000628109,1.10991
-0.0983000628109,1.01085
-0.0982000628109,1.06745
-0.0981000628109,1.03208
-0.0980000628109,1.03208
-0.0979000628109,1.11698
-0.0978000628109,1.01085
-0.0977000628109,1.06038
-0.0976000628109,1.01085
-0.0975000628109,1.04623
-0.0974000628109,1.09575
-0.0973000628109,1.04623
-0.0972000628109,1.10991
-0.0971000628109,1.06038
-0.0970000628109,1.03208
-0.0969000628109,1.08868
-0.0968000628109,1.07453
-0.0967000628109,1.03915
-0.0966000628109,1.0533
-0.0965000628109,1.15236
-0.0964000628109,1.03915
-0.0963000628109,1.09575
-0.0962000628109,1.07453
-0.0961000628109,1.01085
-0.0960000628109,1.13113
-0.0959000628109,1.03915
-0.0958000628109,1.0533
-0.0957000628109,1.20189
-0.0956000628109,1.06745
-0.0955000628109,1.07453
-0.0954000628109,1.14528
-0.0953000628109,1.01085
-0.0952000628109,1.04623
-0.0951000628109,1.13113
-0.0950000628109,1.03915
-0.0949000628109,1.11698
-0.0948000628109,1.11698
-0.0947000628109,1.03915
-0.0946000628109,1.13113
-0.0945000628109,1.09575
-0.0944000628109,1.0816
-0.0943000628109,1.14528
-0.0942000628109,1.06745
-0.0941000628109,1.03915
-0.0940000628109,1.11698
-0.0939000628109,1.06745
-0.0938000628109,1.08868
-0.0937000628109,1.10991
-0.0936000628109,1.04623
-0.0935000628109,1.13113
-0.0934000628109,1.08868
-0.0933000628109,1.0533
-0.0932000628109,1.10283
-0.0931000628109,1.13113
-0.0930000628109,1.08868
-0.0929000628109,1.11698
-0.0928000628109,1.07453
-0.0927000628109,1.06038
-0.0926000628109,1.13113
-0.0925000628109,1.0816
-0.0924000628109,1.06038
-0.0923000628109,1.15236
-0.0922000628109,1.08868
-0.0921000628109,1.06038
-0.0920000628109,1.12406
-0.0919000628109,1.03208
-0.0918000628109,1.0533
-0.0917000628109,1.13113
-0.0916000628109,0.961323
-0.0915000628109,1.10991
-0.0914000628109,1.0533
-0.0913000628109,1.07453
-0.0912000628109,1.13821
-0.0911000628109,1.04623
-0.0910000628109,1.04623
-0.0909000628109,1.09575
-0.0908000628109,1.07453
-0.0907000628109,1.10991
-0.0906000628109,1.15236
-0.0905000628109,1.08868
-0.0904000628109,1.13113
-0.0903000628109,1.13113
-0.0902000628109,1.12406
-0.0901000628109,1.10991
-0.0900000628109,1.13113
-0.0899000628109,1.13821
-0.0898000628109,1.04623
-0.0897000628109,1.13821
-0.0896000628109,1.09575
-0.0895000628109,1.07453
-0.0894000628109,1.06038
-0.0893000628109,1.08868
-0.0892000628109,1.10283
-0.0891000628109,1.10283
-0.0890000628109,1.10283
-0.0889000628109,1.0816
-0.0888000628109,1.0533
-0.0887000628109,1.04623
-0.0886000628109,1.06745
-0.0885000628109,1.07453
-0.0884000628109,1.06038
-0.0883000628109,1.06745
-0.0882000628109,1.06745
-0.0881000628109,1.06038
-0.0880000628109,1.06745
-0.0879000628109,1.10283
-0.0878000628109,1.00377
-0.0877000628109,1.11698
-0.0876000628109,1.0533
-0.0875000628109,1.0816
-0.0874000628109,1.12406
-0.0873000628109,1.03915
-0.0872000628109,1.09575
-0.0871000628109,1.08868
-0.0870000628109,1.0816
-0.0869000628109,1.10283
-0.0868000628109,1.15943
-0.0867000628109,1.14528
-0.0866000628109,1.01793
-0.0865000628109,1.12406
-0.0864000628109,1.11698
-0.0863000628109,1.0816
-0.0862000628109,1.13113
-0.0861000628109,1.03915
-0.0860000628109,1.12406
-0.0859000628109,1.15943
-0.0858000628109,1.0816
-0.0857000628109,1.11698
-0.0856000628109,1.14528
-0.0855000628109,1.07453
-0.0854000628109,1.15943
-0.0853000628109,1.11698
-0.0852000628109,1.06038
-0.0851000628109,1.14528
-0.0850000628109,1.15943
-0.0849000628109,1.10991
-0.0848000628109,1.19481
-0.0847000628109,1.08868
-0.0846000628109,1.10991
-0.0845000628109,1.13821
-0.0844000628109,0.989624
-0.0843000628109,1.10283
-0.0842000628109,1.10991
-0.0841000628109,1.06745
-0.0840000628109,1.10991
-0.0839000628109,1.07453
-0.0838000628109,1.08868
-0.0837000628109,1.13821
-0.0836000628109,1.03915
-0.0835000628109,1.06038
-0.0834000628109,1.10991
-0.0833000628109,1.06745
-0.0832000628109,1.0816
-0.0831000628109,1.08868
-0.0830000628109,1.09575
-0.0829000628109,1.04623
-0.0828000628109,1.07453
-0.0827000628109,1.00377
-0.0826000628109,1.03915
-0.0825000628109,1.03208
-0.0824000628109,0.911795
-0.0823000628109,1.00377
-0.0822000628109,0.982549
-0.0821000628109,0.925946
-0.0820000628109,0.968398
-0.0819000628109,0.989624
-0.0818000628109,0.90472
-0.0817000628109,0.9967
-0.0816000628109,0.925946
-0.0815000628109,0.947172
-0.0814000628109,1.01793
-0.0813000628109,0.968398
-0.0812000628109,0.961323
-0.0811000628109,0.989624
-0.0810000628109,0.890569
-0.0809000628109,1.01793
-0.0808000628109,0.961323
-0.0807000628109,0.940096
-0.0806000628109,0.968398
-0.0805000628109,0.961323
-0.0804000628109,0.940096
-0.0803000628109,0.897644
-0.0802000628109,0.982549
-0.0801000628109,0.883493
-0.0800000628109,0.975473
-0.0799000628109,0.954247
-0.0798000628109,0.940096
-0.0797000628109,0.954247
-0.0796000628109,0.91887
-0.0795000628109,0.954247
-0.0794000628109,0.9967
-0.0793000628109,0.91887
-0.0792000628109,0.940096
-0.0791000628109,0.961323
-0.0790000628109,0.954247
-0.0789000628109,0.989624
-0.0788000628109,0.911795
-0.0787000628109,0.925946
-0.0786000628109,0.91887
-0.0785000628109,0.933021
-0.0784000628109,1.00377
-0.0783000628109,0.883493
-0.0782000628109,0.9967
-0.0781000628109,0.911795
-0.0780000628109,0.933021
-0.0779000628109,0.982549
-0.0778000628109,0.90472
-0.0777000628109,0.975473
-0.0776000628109,0.954247
-0.0775000628109,0.968398
-0.0774000628109,0.982549
-0.0773000628109,0.911795
-0.0772000628109,0.925946
-0.0771000628109,0.876418
-0.0770000628109,0.975473
-0.0769000628109,0.933021
-0.0768000628109,0.897644
-0.0767000628109,0.975473
-0.0766000628109,0.876418
-0.0765000628109,0.933021
-0.0764000628109,0.947172
-0.0763000628109,0.869343
-0.0762000628109,0.989624
-0.0761000628109,0.968398
-0.0760000628109,0.883493
-0.0759000628109,0.961323
-0.0758000628109,0.940096
-0.0757000628109,0.862267
-0.0756000628109,0.954247
-0.0755000628109,0.933021
-0.0754000628109,0.890569
-0.0753000628109,0.968398
-0.0752000628109,0.90472
-0.0751000628109,0.890569
-0.0750000628109,0.90472
-0.0749000628109,0.897644
-0.0748000628109,0.975473
-0.0747000628109,0.911795
-0.0746000628109,0.90472
-0.0745000628109,0.940096
-0.0744000628109,0.890569
-0.0743000628109,0.876418
-0.0742000628109,0.933021
-0.0741000628109,0.890569
-0.0740000628109,0.82689
-0.0739000628109,0.855192
-0.0738000628109,0.911795
-0.0737000628109,0.841041
-0.0736000628109,0.897644
-0.0735000628109,0.890569
-0.0734000628109,0.925946
-0.0733000628109,0.91887
-0.0732000628109,0.90472
-0.0731000628109,0.925946
-0.0730000628109,0.947172
-0.0729000628109,0.869343
-0.0728000628109,0.925946
-0.0727000628109,0.883493
-0.0726000628109,0.869343
-0.0725000628109,0.925946
-0.0724000628109,0.862267
-0.0723000628109,0.897644
-0.0722000628109,0.961323
-0.0721000628109,0.90472
-0.0720000628109,0.933021
-0.0719000628109,0.897644
-0.0718000628109,0.869343
-0.0717000628109,0.876418
-0.0716000628109,0.855192
-0.0715000628109,0.897644
-0.0714000628109,0.890569
-0.0713000628109,0.897644
-0.0712000628109,0.876418
-0.0711000628109,0.869343
-0.0710000628109,0.90472
-0.0709000628109,0.890569
-0.0708000628109,0.911795
-0.0707000628109,0.933021
-0.0706000628109,0.883493
-0.0705000628109,0.897644
-0.0704000628109,0.933021
-0.0703000628109,0.841041
-0.0702000628109,0.940096
-0.0701000628109,0.848117
-0.0700000628109,0.90472
-0.0699000628109,0.897644
-0.0698000628109,0.855192
-0.0697000628109,0.890569
-0.0696000628109,0.869343
-0.0695000628109,0.869343
-0.0694000628109,0.91887
-0.0693000628109,0.855192
-0.0692000628109,0.90472
-0.0691000628109,0.91887
-0.0690000628109,0.890569
-0.0689000628109,0.862267
-0.0688000628109,0.90472
-0.0687000628109,0.876418
-0.0686000628109,0.911795
-0.0685000628109,0.961323
-0.0684000628109,0.947172
-0.0683000628109,0.883493
-0.0682000628109,0.91887
-0.0681000628109,0.876418
-0.0680000628109,0.848117
-0.0679000628109,0.933021
-0.0678000628109,0.862267
-0.0677000628109,0.890569
-0.0676000628109,0.911795
-0.0675000628109,0.876418
-0.0674000628109,0.925946
-0.0673000628109,0.81274
-0.0672000628109,0.947172
-0.0671000628109,0.855192
-0.0670000628109,0.91887
-0.0669000628109,0.961323
-0.0668000628109,0.819815
-0.0667000628109,0.933021
-0.0666000628109,0.911795
-0.0665000628109,0.82689
-0.0664000628109,0.947172
-0.0663000628109,0.897644
-0.0662000628109,0.975473
-0.0661000628109,1.06038
-0.0660000628109,0.989624
-0.0659000628109,0.947172
-0.0658000628109,1.04623
-0.0657000628109,1.025
-0.0656000628109,1.06745
-0.0655000628109,0.9967
-0.0654000628109,0.989624
-0.0653000628109,0.975473
-0.0652000628109,1.06038
-0.0651000628109,1.03208
-0.0650000628109,1.10283
-0.0649000628109,1.04623
-0.0648000628109,1.01085
-0.0647000628109,1.03208
-0.0646000628109,1.04623
-0.0645000628109,1.03915
-0.0644000628109,1.0533
-0.0643000628109,1.03208
-0.0642000628109,1.00377
-0.0641000628109,1.025
-0.0640000628109,1.03208
-0.0639000628109,0.9967
-0.0638000628109,1.15236
-0.0637000628109,1.025
-0.0636000628109,1.09575
-0.0635000628109,1.09575
-0.0634000628109,0.982549
-0.0633000628109,1.10991
-0.0632000628109,1.09575
-0.0631000628109,1.025
-0.0630000628109,1.10283
-0.0629000628109,1.08868
-0.0628000628109,1.10283
-0.0627000628109,1.01793
-0.0626000628109,1.07453
-0.0625000628109,1.11698
-0.0624000628109,1.0533
-0.0623000628109,1.025
-0.0622000628109,1.06038
-0.0621000628109,1.06745
-0.0620000628109,1.09575
-0.0619000628109,1.08868
-0.0618000628109,1.13113
-0.0617000628109,1.03208
-0.0616000628109,1.08868
-0.0615000628109,1.08868
-0.0614000628109,1.03208
-0.0613000628109,1.0816
-0.0612000628109,1.10991
-0.0611000628109,1.06745
-0.0610000628109,1.15236
-0.0609000628109,1.10991
-0.0608000628109,1.01793
-0.0607000628109,1.13821
-0.0606000628109,1.07453
-0.0605000628109,1.10283
-0.0604000628109,1.15943
-0.0603000628109,1.08868
-0.0602000628109,1.07453
-0.0601000628109,1.07453
-0.0600000628109,1.07453
-0.0599000628109,1.09575
-0.0598000628109,1.09575
-0.0597000628109,1.09575
-0.0596000628109,1.0533
-0.0595000628109,1.10991
-0.0594000628109,1.10991
-0.0593000628109,1.11698
-0.0592000628109,1.06745
-0.0591000628109,1.11698
-0.0590000628109,1.04623
-0.0589000628109,1.15236
-0.0588000628109,1.0816
-0.0587000628109,1.07453
-0.0586000628109,1.07453
-0.0585000628109,1.14528
-0.0584000628109,1.17358
-0.0583000628109,1.08868
-0.0582000628109,1.10991
-0.0581000628109,1.08868
-0.0580000628109,1.0816
-0.0579000628109,1.15943
-0.0578000628109,1.08868
-0.0577000628109,1.13113
-0.0576000628109,1.08868
-0.0575000628109,1.11698
-0.0574000628109,1.15236
-0.0573000628109,1.06745
-0.0572000628109,1.12406
-0.0571000628109,1.13113
-0.0570000628109,1.10991
-0.0569000628109,1.16651
-0.0568000628109,1.09575
-0.0567000628109,1.14528
-0.0566000628109,1.14528
-0.0565000628109,1.06038
-0.0564000628109,1.10283
-0.0563000628109,1.14528
-0.0562000628109,1.06038
-0.0561000628109,1.08868
-0.0560000628109,1.15943
-0.0559000628109,1.09575
-0.0558000628109,1.06038
-0.0557000628109,1.12406
-0.0556000628109,1.0533
-0.0555000628109,1.0816
-0.0554000628109,1.15236
-0.0553000628109,1.06745
-0.0552000628109,1.13821
-0.0551000628109,1.0533
-0.0550000628109,1.03208
-0.0549000628109,1.07453
-0.0548000628109,1.0533
-0.0547000628109,1.0816
-0.0546000628109,1.03208
-0.0545000628109,1.00377
-0.0544000628109,0.989624
-0.0543000628109,1.07453
-0.0542000628109,1.00377
-0.0541000628109,1.13821
-0.0540000628109,1.06745
-0.0539000628109,1.0816
-0.0538000628109,1.13821
-0.0537000628109,1.07453
-0.0536000628109,1.01793
-0.0535000628109,1.13113
-0.0534000628109,1.11698
-0.0533000628109,1.10991
-0.0532000628109,1.13113
-0.0531000628109,1.03915
-0.0530000628109,1.09575
-0.0529000628109,1.0816
-0.0528000628109,1.04623
-0.0527000628109,1.10991
-0.0526000628109,1.08868
-0.0525000628109,0.9967
-0.0524000628109,1.01793
-0.0523000628109,1.12406
-0.0522000628109,1.10283
-0.0521000628109,1.03915
-0.0520000628109,1.12406
-0.0519000628109,1.0816
-0.0518000628109,1.13821
-0.0517000628109,1.15943
-0.0516000628109,1.00377
-0.0515000628109,1.13113
-0.0514000628109,1.06745
-0.0513000628109,1.0816
-0.0512000628109,1.16651
-0.0511000628109,1.0816
-0.0510000628109,1.07453
-0.0509000628109,1.16651
-0.0508000628109,1.03208
-0.0507000628109,1.11698
-0.0506000628109,1.08868
-0.0505000628109,1.025
-0.0504000628109,1.13113
-0.0503000628109,1.11698
-0.0502000628109,1.09575
-0.0501000628109,1.13821
-0.0500000628109,1.07453
-0.0499000628109,1.18773
-0.0498000628109,1.06038
-0.0497000628109,1.09575
-0.0496000628109,1.0816
-0.0495000628109,1.00377
-0.0494000628109,1.025
-0.0493000628109,0.9967
-0.0492000628109,0.982549
-0.0491000628109,1.04623
-0.0490000628109,0.933021
-0.0489000628109,1.01085
-0.0488000628109,0.9967
-0.0487000628109,0.954247
-0.0486000628109,1.01085
-0.0485000628109,0.975473
-0.0484000628109,0.947172
-0.0483000628109,0.883493
-0.0482000628109,0.925946
-0.0481000628109,0.90472
-0.0480000628109,0.897644
-0.0479000628109,0.961323
-0.0478000628109,0.855192
-0.0477000628109,0.989624
-0.0476000628109,0.925946
-0.0475000628109,0.90472
-0.0474000628109,0.982549
-0.0473000628109,0.90472
-0.0472000628109,0.989624
-0.0471000628109,0.975473
-0.0470000628109,0.911795
-0.0469000628109,0.9967
-0.0468000628109,0.933021
-0.0467000628109,0.911795
-0.0466000628109,0.940096
-0.0465000628109,0.968398
-0.0464000628109,0.90472
-0.0463000628109,0.940096
-0.0462000628109,0.947172
-0.0461000628109,0.833966
-0.0460000628109,0.933021
-0.0459000628109,0.940096
-0.0458000628109,0.862267
-0.0457000628109,0.961323
-0.0456000628109,0.933021
-0.0455000628109,0.883493
-0.0454000628109,0.925946
-0.0453000628109,0.897644
-0.0452000628109,0.897644
-0.0451000628109,0.968398
-0.0450000628109,0.862267
-0.0449000628109,0.925946
-0.0448000628109,0.91887
-0.0447000628109,0.911795
-0.0446000628109,0.911795
-0.0445000628109,0.947172
-0.0444000628109,0.90472
-0.0443000628109,0.940096
-0.0442000628109,0.897644
-0.0441000628109,0.911795
-0.0440000628109,0.982549
-0.0439000628109,0.911795
-0.0438000628109,0.940096
-0.0437000628109,0.947172
-0.0436000628109,0.883493
-0.0435000628109,0.911795
-0.0434000628109,0.940096
-0.0433000628109,0.890569
-0.0432000628109,0.90472
-0.0431000628109,0.954247
-0.0430000628109,0.911795
-0.0429000628109,0.91887
-0.0428000628109,0.954247
-0.0427000628109,0.91887
-0.0426000628109,0.869343
-0.0425000628109,0.982549
-0.0424000628109,0.890569
-0.0423000628109,0.940096
-0.0422000628109,0.961323
-0.0421000628109,0.883493
-0.0420000628109,1.03208
-0.0419000628109,0.925946
-0.0418000628109,0.883493
-0.0417000628109,0.9967
-0.0416000628109,0.876418
-0.0415000628109,0.940096
-0.0414000628109,0.961323
-0.0413000628109,0.90472
-0.0412000628109,0.911795
-0.0411000628109,0.911795
-0.0410000628109,0.833966
-0.0409000628109,1.00377
-0.0408000628109,0.876418
-0.0407000628109,0.947172
-0.0406000628109,0.940096
-0.0405000628109,0.883493
-0.0404000628109,0.911795
-0.0403000628109,0.869343
-0.0402000628109,0.91887
-0.0401000628109,0.90472
-0.0400000628109,0.925946
-0.0399000628109,0.968398
-0.0398000628109,0.883493
-0.0397000628109,0.940096
-0.0396000628109,0.911795
-0.0395000628109,0.91887
-0.0394000628109,0.933021
-0.0393000628109,0.933021
-0.0392000628109,0.933021
-0.0391000628109,0.90472
-0.0390000628109,0.890569
-0.0389000628109,0.911795
-0.0388000628109,0.911795
-0.0387000628109,0.897644
-0.0386000628109,0.91887
-0.0385000628109,0.933021
-0.0384000628109,0.940096
-0.0383000628109,0.869343
-0.0382000628109,0.897644
-0.0381000628109,0.954247
-0.0380000628109,0.82689
-0.0379000628109,0.91887
-0.0378000628109,0.841041
-0.0377000628109,0.940096
-0.0376000628109,0.933021
-0.0375000628109,0.869343
-0.0374000628109,0.968398
-0.0373000628109,0.883493
-0.0372000628109,0.869343
-0.0371000628109,0.947172
-0.0370000628109,0.855192
-0.0369000628109,0.869343
-0.0368000628109,0.855192
-0.0367000628109,0.855192
-0.0366000628109,0.890569
-0.0365000628109,0.947172
-0.0364000628109,0.890569
-0.0363000628109,0.883493
-0.0362000628109,0.961323
-0.0361000628109,0.862267
-0.0360000628109,0.82689
-0.0359000628109,0.911795
-0.0358000628109,0.883493
-0.0357000628109,0.848117
-0.0356000628109,0.925946
-0.0355000628109,0.791514
-0.0354000628109,0.883493
-0.0353000628109,0.883493
-0.0352000628109,0.833966
-0.0351000628109,0.897644
-0.0350000628109,0.862267
-0.0349000628109,0.805664
-0.0348000628109,0.91887
-0.0347000628109,0.876418
-0.0346000628109,0.841041
-0.0345000628109,0.933021
-0.0344000628109,0.869343
-0.0343000628109,0.90472
-0.0342000628109,0.890569
-0.0341000628109,0.841041
-0.0340000628109,0.911795
-0.0339000628109,0.876418
-0.0338000628109,0.883493
-0.0337000628109,0.90472
-0.0336000628109,0.876418
-0.0335000628109,0.876418
-0.0334000628109,0.869343
-0.0333000628109,0.883493
-0.0332000628109,0.862267
-0.0331000628109,0.947172
-0.0330000628109,1.00377
-0.0329000628109,0.975473
-0.0328000628109,0.975473
-0.0327000628109,1.01085
-0.0326000628109,0.982549
-0.0325000628109,1.09575
-0.0324000628109,0.9967
-0.0323000628109,1.06038
-0.0322000628109,1.13113
-0.0321000628109,0.9967
-0.0320000628109,1.03208
-0.0319000628109,1.09575
-0.0318000628109,1.00377
-0.0317000628109,1.10283
-0.0316000628109,1.03208
-0.0315000628109,1.00377
-0.0314000628109,1.10991
-0.0313000628109,1.07453
-0.0312000628109,1.08868
-0.0311000628109,1.13113
-0.0310000628109,1.04623
-0.0309000628109,1.09575
-0.0308000628109,1.10991
-0.0307000628109,1.01793
-0.0306000628109,1.10283
-0.0305000628109,1.11698
-0.0304000628109,1.06038
-0.0303000628109,1.07453
-0.0302000628109,1.03208
-0.0301000628109,1.06745
-0.0300000628109,1.03915
-0.0299000628109,1.09575
-0.0298000628109,1.09575
-0.0297000628109,1.09575
-0.0296000628109,1.11698
-0.0295000628109,1.06745
-0.0294000628109,1.11698
-0.0293000628109,1.0816
-0.0292000628109,1.0533
-0.0291000628109,1.11698
-0.0290000628109,1.06745
-0.0289000628109,1.12406
-0.0288000628109,1.11698
-0.0287000628109,1.06038
-0.0286000628109,1.09575
-0.0285000628109,1.06038
-0.0284000628109,1.10991
-0.0283000628109,1.03208
-0.0282000628109,1.06038
-0.0281000628109,1.13113
-0.0280000628109,1.04623
-0.0279000628109,1.13821
-0.0278000628109,1.03915
-0.0277000628109,1.0533
-0.0276000628109,1.13113
-0.0275000628109,1.0816
-0.0274000628109,1.17358
-0.0273000628109,1.13821
-0.0272000628109,1.11698
-0.0271000628109,1.0816
-0.0270000628109,1.13113
-0.0269000628109,1.13113
-0.0268000628109,1.0816
-0.0267000628109,1.21604
-0.0266000628109,1.15943
-0.0265000628109,1.13821
-0.0264000628109,1.20189
-0.0263000628109,1.18066
-0.0262000628109,1.14528
-0.0261000628109,1.15943
-0.0260000628109,1.09575
-0.0259000628109,1.0816
-0.0258000628109,1.10991
-0.0257000628109,1.0816
-0.0256000628109,1.04623
-0.0255000628109,1.15943
-0.0254000628109,1.0533
-0.0253000628109,1.07453
-0.0252000628109,1.11698
-0.0251000628109,1.11698
-0.0250000628109,1.28679
-0.0249000628109,1.19481
-0.0248000628109,1.17358
-0.0247000628109,1.18773
-0.0246000628109,1.10283
-0.0245000628109,1.19481
-0.0244000628109,1.10991
-0.0243000628109,1.10991
-0.0242000628109,1.13821
-0.0241000628109,1.13821
-0.0240000628109,1.11698
-0.0239000628109,1.13113
-0.0238000628109,1.15236
-0.0237000628109,1.09575
-0.0236000628109,1.10991
-0.0235000628109,1.0533
-0.0234000628109,1.10283
-0.0233000628109,1.13821
-0.0232000628109,1.10991
-0.0231000628109,1.12406
-0.0230000628109,1.13821
-0.0229000628109,1.09575
-0.0228000628109,1.13821
-0.0227000628109,1.15236
-0.0226000628109,1.0533
-0.0225000628109,1.13821
-0.0224000628109,1.09575
-0.0223000628109,1.03915
-0.0222000628109,1.13113
-0.0221000628109,1.08868
-0.0220000628109,1.03208
-0.0219000628109,1.14528
-0.0218000628109,1.10283
-0.0217000628109,1.06038
-0.0216000628109,1.11698
-0.0215000628109,1.07453
-0.0214000628109,1.0816
-0.0213000628109,1.10991
-0.0212000628109,1.06038
-0.0211000628109,1.03915
-0.0210000628109,1.13113
-0.0209000628109,1.07453
-0.0208000628109,1.0816
-0.0207000628109,1.0816
-0.0206000628109,1.06038
-0.0205000628109,1.06038
-0.0204000628109,1.10991
-0.0203000628109,1.0533
-0.0202000628109,1.15943
-0.0201000628109,1.10283
-0.0200000628109,1.0533
-0.0199000628109,1.20896
-0.0198000628109,1.10283
-0.0197000628109,1.16651
-0.0196000628109,1.10991
-0.0195000628109,1.09575
-0.0194000628109,1.13821
-0.0193000628109,1.13821
-0.0192000628109,1.12406
-0.0191000628109,1.06038
-0.0190000628109,1.01793
-0.0189000628109,1.03915
-0.0188000628109,1.06038
-0.0187000628109,1.0533
-0.0186000628109,1.10991
-0.0185000628109,1.07453
-0.0184000628109,1.17358
-0.0183000628109,1.10283
-0.0182000628109,1.06745
-0.0181000628109,1.14528
-0.0180000628109,1.08868
-0.0179000628109,1.16651
-0.0178000628109,1.09575
-0.0177000628109,1.10991
-0.0176000628109,1.16651
-0.0175000628109,1.09575
-0.0174000628109,1.09575
-0.0173000628109,1.03208
-0.0172000628109,1.11698
-0.0171000628109,1.06745
-0.0170000628109,1.03915
-0.0169000628109,1.0816
-0.0168000628109,1.01793
-0.0167000628109,1.01085
-0.0166000628109,1.06038
-0.0165000628109,0.968398
-0.0164000628109,1.10283
-0.0163000628109,0.975473
-0.0162000628109,0.975473
-0.0161000628109,1.09575
-0.0160000628109,1.03208
-0.0159000628109,0.968398
-0.0158000628109,1.03208
-0.0157000628109,1.01793
-0.0156000628109,0.911795
-0.0155000628109,1.00377
-0.0154000628109,0.933021
-0.0153000628109,0.925946
-0.0152000628109,1.01085
-0.0151000628109,0.91887
-0.0150000628109,0.947172
-0.0149000628109,1.025
-0.0148000628109,0.890569
-0.0147000628109,1.01793
-0.0146000628109,0.954247
-0.0145000628109,0.982549
-0.0144000628109,0.968398
-0.0143000628109,0.9967
-0.0142000628109,0.933021
-0.0141000628109,0.982549
-0.0140000628109,0.975473
-0.0139000628109,0.968398
-0.0138000628109,0.961323
-0.0137000628109,0.90472
-0.0136000628109,0.982549
-0.0135000628109,0.975473
-0.0134000628109,0.975473
-0.0133000628109,0.954247
-0.0132000628109,0.982549
-0.0131000628109,0.911795
-0.0130000628109,0.954247
-0.0129000628109,0.91887
-0.0128000628109,0.90472
-0.0127000628109,0.975473
-0.0126000628109,0.954247
-0.0125000628109,0.911795
-0.0124000628109,0.940096
-0.0123000628109,0.961323
-0.0122000628109,0.940096
-0.0121000628109,0.947172
-0.0120000628109,0.911795
-0.0119000628109,0.933021
-0.0118000628109,0.961323
-0.0117000628109,0.911795
-0.0116000628109,0.933021
-0.0115000628109,0.954247
-0.0114000628109,0.933021
-0.0113000628109,0.897644
-0.0112000628109,0.91887
-0.0111000628109,0.925946
-0.0110000628109,0.883493
-0.0109000628109,0.947172
-0.0108000628109,0.897644
-0.0107000628109,0.954247
-0.0106000628109,0.91887
-0.0105000628109,0.890569
-0.0104000628109,0.933021
-0.0103000628109,0.862267
-0.0102000628109,0.911795
-0.0101000628109,0.91887
-0.0100000628109,0.869343
-0.00990006281094,0.961323
-0.00980006281094,0.890569
-0.00970006281094,0.897644
-0.00960006281094,0.940096
-0.00950006281094,0.911795
-0.00940006281094,0.890569
-0.00930006281094,0.982549
-0.00920006281094,0.876418
-0.00910006281094,0.968398
-0.00900006281094,0.890569
-0.00890006281094,0.883493
-0.00880006281094,0.933021
-0.00870006281094,0.91887
-0.00860006281094,0.933021
-0.00850006281094,0.890569
-0.00840006281094,0.961323
-0.00830006281094,0.869343
-0.00820006281094,0.869343
-0.00810006281094,0.890569
-0.00800006281094,0.855192
-0.00790006281094,0.90472
-0.00780006281094,0.869343
-0.00770006281094,0.90472
-0.00760006281094,0.911795
-0.00750006281094,0.862267
-0.00740006281094,0.90472
-0.00730006281094,0.890569
-0.00720006281094,0.855192
-0.00710006281094,0.933021
-0.00700006281094,0.81274
-0.00690006281094,0.90472
-0.00680006281094,0.869343
-0.00670006281094,0.869343
-0.00660006281094,0.90472
-0.00650006281094,0.91887
-0.00640006281094,0.883493
-0.00630006281094,0.925946
-0.00620006281094,0.862267
-0.00610006281094,0.876418
-0.00600006281094,0.90472
-0.00590006281094,0.819815
-0.00580006281094,0.841041
-0.00570006281094,0.933021
-0.00560006281094,0.869343
-0.00550006281094,0.876418
-0.00540006281094,0.933021
-0.00530006281094,0.855192
-0.00520006281094,0.890569
-0.00510006281094,0.897644
-0.00500006281094,0.883493
-0.00490006281094,0.954247
-0.00480006281094,0.897644
-0.00470006281094,0.876418
-0.00460006281094,0.855192
-0.00450006281094,0.897644
-0.00440006281094,0.890569
-0.00430006281094,0.933021
-0.00420006281094,0.90472
-0.00410006281094,0.883493
-0.00400006281094,0.968398
-0.00390006281094,0.805664
-0.00380006281094,0.91887
-0.00370006281094,0.933021
-0.00360006281094,0.798589
-0.00350006281094,0.925946
-0.00340006281094,0.897644
-0.00330006281094,0.855192
-0.00320006281094,0.933021
-0.00310006281094,0.841041
-0.00300006281094,0.90472
-0.00290006281094,0.911795
-0.00280006281094,0.869343
-0.00270006281094,0.940096
-0.00260006281094,0.833966
-0.00250006281094,0.897644
-0.00240006281094,0.947172
-0.00230006281094,0.91887
-0.00220006281094,0.897644
-0.00210006281094,0.890569
-0.00200006281094,0.897644
-0.00190006281094,0.855192
-0.00180006281094,0.883493
-0.00170006281094,0.961323
-0.00160006281094,0.833966
-0.00150006281094,0.940096
-0.00140006281094,0.90472
-0.00130006281094,0.897644
-0.00120006281094,0.947172
-0.00110006281094,0.890569
-0.00100006281094,0.81274
-0.000900062810938,0.933021
-0.000800062810938,0.890569
-0.000700062810938,0.833966
-0.000600062810938,0.947172
-0.000500062810938,0.869343
-0.000400062810938,0.940096
-0.000300062810938,0.890569
-0.000200062810938,0.848117
-0.000100062810938,0.883493
-6.28109375067e-008,0.819815
9.99371890625e-005,0.961323
0.000199937189062,0.982549
0.000299937189062,0.947172
0.000399937189062,1.025
0.000499937189062,1.00377
0.000599937189062,1.01085
0.000699937189062,1.0533
0.000799937189062,1.06745
0.000899937189062,1.04623
0.000999937189062,1.00377
0.00109993718906,1.04623
0.00119993718906,1.00377
0.00129993718906,1.07453
0.00139993718906,1.13113
0.00149993718906,1.04623
0.00159993718906,1.11698
0.00169993718906,1.0533
0.00179993718906,1.10283
0.00189993718906,1.09575
0.00199993718906,1.06745
0.00209993718906,1.10991
0.00219993718906,1.0816
0.00229993718906,1.10991
0.00239993718906,1.14528
0.00249993718906,1.025
0.00259993718906,1.10283
0.00269993718906,1.10283
0.00279993718906,1.0533
0.00289993718906,1.16651
0.00299993718906,1.04623
0.00309993718906,1.07453
0.00319993718906,1.13113
0.00329993718906,1.04623
0.00339993718906,1.10991
0.00349993718906,1.14528
0.00359993718906,1.12406
0.00369993718906,1.0533
0.00379993718906,1.15236
0.00389993718906,1.07453
0.00399993718906,1.09575
0.00409993718906,1.12406
0.00419993718906,1.06745
0.00429993718906,1.13821
0.00439993718906,1.14528
0.00449993718906,1.09575
0.00459993718906,1.16651
0.00469993718906,1.08868
0.00479993718906,1.10283
0.00489993718906,1.14528
0.00499993718906,1.15943
0.00509993718906,1.08868
0.00519993718906,1.13821
0.00529993718906,1.0533
0.00539993718906,1.07453
0.00549993718906,1.13113
0.00559993718906,1.08868
0.00569993718906,1.07453
0.00579993718906,1.14528
0.00589993718906,1.03915
0.00599993718906,1.17358
0.00609993718906,1.11698
0.00619993718906,1.07453
0.00629993718906,1.15236
0.00639993718906,1.10283
0.00649993718906,1.14528
0.00659993718906,1.12406
0.00669993718906,1.04623
0.00679993718906,1.10991
0.00689993718906,1.15236
0.00699993718906,1.13113
0.00709993718906,1.11698
0.00719993718906,1.11698
0.00729993718906,1.11698
0.00739993718906,1.0816
0.00749993718906,1.14528
0.00759993718906,1.10283
0.00769993718906,1.10283
0.00779993718906,1.15236
0.00789993718906,1.01793
0.00799993718906,1.08868
0.00809993718906,1.12406
0.00819993718906,0.989624
0.00829993718906,1.18066
0.00839993718906,1.0816
0.00849993718906,1.03208
0.00859993718906,1.14528
0.00869993718906,1.06038
0.00879993718906,1.10991
0.00889993718906,1.12406
0.00899993718906,1.03915
0.00909993718906,1.09575
0.00919993718906,1.11698
0.00929993718906,1.08868
0.00939993718906,1.15943
0.00949993718906,1.08868
0.00959993718906,1.23019
0.00969993718906,1.20189
0.00979993718906,1.13821
0.00989993718906,1.14528
0.00999993718906,1.11698
0.0100999371891,1.08868
0.0101999371891,1.08868
0.0102999371891,1.10283
0.0103999371891,1.0816
0.0104999371891,1.03915
0.0105999371891,1.08868
0.0106999371891,1.06038
0.0107999371891,1.06038
0.0108999371891,1.10991
0.0109999371891,1.06038
0.0110999371891,1.10283
0.0111999371891,1.10283
0.0112999371891,1.0533
0.0113999371891,1.10283
0.0114999371891,1.09575
0.0115999371891,1.14528
0.0116999371891,1.09575
0.0117999371891,1.08868
0.0118999371891,1.11698
0.0119999371891,1.06745
0.0120999371891,1.13113
0.0121999371891,1.10283
0.0122999371891,1.13113
0.0123999371891,1.17358
0.0124999371891,1.0816
0.0125999371891,1.14528
0.0126999371891,1.12406
0.0127999371891,1.13113
0.0128999371891,1.14528
0.0129999371891,1.12406
0.0130999371891,1.16651
0.0131999371891,1.12406
0.0132999371891,1.16651
0.0133999371891,1.10991
0.0134999371891,1.10283
0.0135999371891,1.23019
0.0136999371891,1.0816
0.0137999371891,1.17358
0.0138999371891,1.21604
0.0139999371891,1.11698
0.0140999371891,1.17358
0.0141999371891,1.16651
0.0142999371891,1.10991
0.0143999371891,1.21604
0.0144999371891,1.06745
0.0145999371891,1.06038
0.0146999371891,1.17358
0.0147999371891,1.0816
0.0148999371891,1.13113
0.0149999371891,1.15943
0.0150999371891,1.06745
0.0151999371891,1.13113
0.0152999371891,1.13113
0.0153999371891,1.07453
0.0154999371891,1.14528
0.0155999371891,1.11698
0.0156999371891,1.07453
0.0157999371891,1.12406
0.0158999371891,1.03915
0.0159999371891,1.0816
0.0160999371891,1.13113
0.0161999371891,1.08868
0.0162999371891,1.07453
0.0163999371891,1.10991
0.0164999371891,1.06038
0.0165999371891,1.09575
0.0166999371891,1.06038
0.0167999371891,1.01085
0.0168999371891,1.06038
0.0169999371891,1.06038
0.0170999371891,1.025
0.0171999371891,1.06745
0.0172999371891,1.03915
0.0173999371891,0.947172
0.0174999371891,1.09575
0.0175999371891,0.968398
0.0176999371891,0.968398
0.0177999371891,1.03915
0.0178999371891,1.04623
0.0179999371891,0.982549
0.0180999371891,1.00377
0.0181999371891,0.954247
0.0182999371891,1.00377
0.0183999371891,1.01793
0.0184999371891,0.925946
0.0185999371891,1.025
0.0186999371891,0.982549
0.0187999371891,0.883493
0.0188999371891,0.9967
0.0189999371891,0.940096
0.0190999371891,1.00377
0.0191999371891,1.01793
0.0192999371891,0.933021
0.0193999371891,0.947172
0.0194999371891,0.989624
0.0195999371891,0.961323
0.0196999371891,0.9967
0.0197999371891,0.947172
0.0198999371891,1.025
0.0199999371891,0.961323
0.0200999371891,0.961323
0.0201999371891,0.9967
0.0202999371891,0.940096
0.0203999371891,0.989624
0.0204999371891,0.9967
0.0205999371891,1.025
0.0206999371891,1.00377
0.0207999371891,0.940096
0.0208999371891,1.06038
0.0209999371891,0.9967
0.0210999371891,0.975473
0.0211999371891,1.025
0.0212999371891,0.975473
0.0213999371891,1.04623
0.0214999371891,0.982549
0.0215999371891,1.04623
0.0216999371891,0.925946
0.0217999371891,0.933021
0.0218999371891,0.9967
0.0219999371891,0.961323
0.0220999371891,1.01085
0.0221999371891,0.961323
0.0222999371891,0.947172
0.0223999371891,1.03208
0.0224999371891,0.940096
0.0225999371891,1.00377
0.0226999371891,0.933021
0.0227999371891,0.90472
0.0228999371891,0.982549
0.0229999371891,0.925946
0.0230999371891,0.961323
0.0231999371891,0.925946
0.0232999371891,0.933021
0.0233999371891,0.968398
0.0234999371891,0.90472
0.0235999371891,0.9967
0.0236999371891,0.911795
0.0237999371891,0.933021
0.0238999371891,0.989624
0.0239999371891,0.91887
0.0240999371891,0.883493
0.0241999371891,0.961323
0.0242999371891,0.90472
0.0243999371891,0.947172
0.0244999371891,0.982549
0.0245999371891,0.925946
0.0246999371891,0.961323
0.0247999371891,0.9967
0.0248999371891,0.897644
0.0249999371891,0.925946
0.0250999371891,0.91887
0.0251999371891,0.90472
0.0252999371891,0.947172
0.0253999371891,0.925946
0.0254999371891,0.940096
0.0255999371891,0.989624
0.0256999371891,0.883493
0.0257999371891,0.968398
0.0258999371891,0.982549
0.0259999371891,0.911795
0.0260999371891,0.911795
0.0261999371891,0.890569
0.0262999371891,0.925946
0.0263999371891,0.968398
0.0264999371891,0.975473
0.0265999371891,0.925946
0.0266999371891,0.961323
0.0267999371891,0.947172
0.0268999371891,0.890569
0.0269999371891,0.947172
0.0270999371891,0.933021
0.0271999371891,0.876418
0.0272999371891,0.989624
0.0273999371891,0.925946
0.0274999371891,0.90472
0.0275999371891,0.989624
0.0276999371891,0.862267
0.0277999371891,0.869343
0.0278999371891,0.897644
0.0279999371891,0.90472
0.0280999371891,0.968398
0.0281999371891,0.911795
0.0282999371891,0.954247
0.0283999371891,0.933021
0.0284999371891,0.911795
0.0285999371891,0.876418
0.0286999371891,0.911795
0.0287999371891,0.869343
0.0288999371891,0.933021
0.0289999371891,0.933021
0.0290999371891,0.883493
0.0291999371891,0.876418
0.0292999371891,0.91887
0.0293999371891,0.883493
0.0294999371891,0.897644
0.0295999371891,0.9967
0.0296999371891,0.848117
0.0297999371891,0.890569
0.0298999371891,0.940096
0.0299999371891,0.890569
0.0300999371891,0.947172
0.0301999371891,0.933021
0.0302999371891,0.855192
0.0303999371891,0.947172
0.0304999371891,0.940096
0.0305999371891,0.961323
0.0306999371891,0.91887
0.0307999371891,0.82689
0.0308999371891,0.982549
0.0309999371891,0.933021
0.0310999371891,0.925946
0.0311999371891,0.947172
0.0312999371891,0.968398
0.0313999371891,0.954247
0.0314999371891,0.933021
0.0315999371891,0.940096
0.0316999371891,0.947172
0.0317999371891,0.925946
0.0318999371891,0.961323
0.0319999371891,0.90472
0.0320999371891,0.90472
0.0321999371891,0.961323
0.0322999371891,0.890569
0.0323999371891,0.989624
0.0324999371891,0.90472
0.0325999371891,0.933021
0.0326999371891,0.90472
0.0327999371891,0.90472
0.0328999371891,0.961323
0.0329999371891,0.897644
0.0330999371891,1.01793
0.0331999371891,0.91887
0.0332999371891,0.933021
0.0333999371891,1.025
0.0334999371891,0.954247
0.0335999371891,1.04623
0.0336999371891,1.03915
0.0337999371891,1.01085
0.0338999371891,1.01085
0.0339999371891,1.04623
0.0340999371891,1.00377
0.0341999371891,1.0533
0.0342999371891,1.13113
0.0343999371891,1.03208
0.0344999371891,1.0816
0.0345999371891,1.07453
0.0346999371891,1.0533
0.0347999371891,1.12406
0.0348999371891,1.06038
0.0349999371891,1.01085
0.0350999371891,1.10283
0.0351999371891,0.968398
0.0352999371891,1.0816
0.0353999371891,1.09575
0.0354999371891,1.04623
0.0355999371891,1.0816
0.0356999371891,1.09575
0.0357999371891,1.04623
0.0358999371891,1.09575
0.0359999371891,1.11698
0.0360999371891,1.07453
0.0361999371891,1.10283
0.0362999371891,1.10283
0.0363999371891,1.12406
0.0364999371891,1.10283
0.0365999371891,1.08868
0.0366999371891,1.01085
0.0367999371891,1.09575
0.0368999371891,0.989624
0.0369999371891,1.0533
0.0370999371891,1.10991
0.0371999371891,1.025
0.0372999371891,1.0816
0.0373999371891,1.03915
0.0374999371891,1.025
0.0375999371891,1.13821
0.0376999371891,1.06745
0.0377999371891,1.06745
0.0378999371891,1.0533
0.0379999371891,1.06745
0.0380999371891,1.0533
0.0381999371891,1.0816
0.0382999371891,1.10283
0.0383999371891,1.11698
0.0384999371891,1.13113
0.0385999371891,1.09575
0.0386999371891,1.13113
0.0387999371891,1.13821
0.0388999371891,1.09575
0.0389999371891,1.12406
0.0390999371891,1.13821
0.0391999371891,1.13113
0.0392999371891,1.10991
0.0393999371891,1.13113
0.0394999371891,1.03208
0.0395999371891,1.13821
0.0396999371891,1.0816
0.0397999371891,1.10283
0.0398999371891,1.17358
0.0399999371891,1.10283
0.0400999371891,1.14528
0.0401999371891,1.15943
0.0402999371891,1.10283
0.0403999371891,1.14528
0.0404999371891,1.15236
0.0405999371891,1.06745
0.0406999371891,1.13113
0.0407999371891,1.09575
0.0408999371891,1.0816
0.0409999371891,1.10991
0.0410999371891,1.12406
0.0411999371891,1.11698
0.0412999371891,1.13821
0.0413999371891,1.09575
0.0414999371891,1.09575
0.0415999371891,1.15943
0.0416999371891,1.14528
0.0417999371891,1.09575
0.0418999371891,1.13821
0.0419999371891,1.08868
0.0420999371891,1.17358
0.0421999371891,1.15236
0.0422999371891,1.10991
0.0423999371891,1.10283
0.0424999371891,1.11698
0.0425999371891,1.13113
0.0426999371891,1.10283
0.0427999371891,1.09575
0.0428999371891,1.20189
0.0429999371891,1.09575
0.0430999371891,1.16651
0.0431999371891,1.10991
0.0432999371891,1.11698
0.0433999371891,1.13113
0.0434999371891,1.08868
0.0435999371891,1.025
0.0436999371891,1.09575
0.0437999371891,1.10991
0.0438999371891,1.06038
0.0439999371891,1.16651
0.0440999371891,1.10991
0.0441999371891,1.08868
0.0442999371891,1.15943
0.0443999371891,1.10283
0.0444999371891,1.025
0.0445999371891,1.08868
0.0446999371891,1.10991
0.0447999371891,1.025
0.0448999371891,1.18066
0.0449999371891,1.10283
0.0450999371891,1.18066
0.0451999371891,1.11698
0.0452999371891,1.10283
0.0453999371891,1.18773
0.0454999371891,1.21604
0.0455999371891,1.08868
0.0456999371891,1.18066
0.0457999371891,1.18773
0.0458999371891,1.11698
0.0459999371891,1.21604
0.0460999371891,1.09575
0.0461999371891,1.11698
0.0462999371891,1.19481
0.0463999371891,1.12406
0.0464999371891,1.10283
0.0465999371891,1.13821
0.0466999371891,1.12406
0.0467999371891,1.10283
0.0468999371891,1.17358
0.0469999371891,1.07453
0.0470999371891,1.15236
0.0471999371891,1.14528
0.0472999371891,1.13113
0.0473999371891,1.17358
0.0474999371891,1.10283
0.0475999371891,1.17358
0.0476999371891,1.14528
0.0477999371891,1.09575
0.0478999371891,1.08868
0.0479999371891,1.11698
0.0480999371891,1.0533
0.0481999371891,1.0816
0.0482999371891,1.14528
0.0483999371891,1.15943
0.0484999371891,1.13113
0.0485999371891,1.13821
0.0486999371891,1.11698
0.0487999371891,1.18773
0.0488999371891,1.15943
0.0489999371891,1.08868
0.0490999371891,1.15236
0.0491999371891,1.13113
0.0492999371891,1.11698
0.0493999371891,1.16651
0.0494999371891,1.13821
0.0495999371891,1.15943
0.0496999371891,1.19481
0.0497999371891,1.11698
0.0498999371891,1.16651
0.0499999371891,1.10283
0.0500999371891,1.10283
0.0501999371891,1.0816
0.0502999371891,1.06038
0.0503999371891,1.08868
0.0504999371891,1.06038
0.0505999371891,1.03208
0.0506999371891,1.025
0.0507999371891,1.06038
0.0508999371891,1.03915
0.0509999371891,1.00377
0.0510999371891,1.04623
0.0511999371891,1.07453
0.0512999371891,0.989624
0.0513999371891,1.03915
0.0514999371891,0.982549
0.0515999371891,1.03208
0.0516999371891,1.025
0.0517999371891,0.982549
0.0518999371891,1.06038
0.0519999371891,0.961323
0.0520999371891,1.00377
0.0521999371891,0.9967
0.0522999371891,0.968398
0.0523999371891,1.025
0.0524999371891,0.975473
0.0525999371891,1.03915
0.0526999371891,1.01793
0.0527999371891,0.933021
0.0528999371891,1.01085
0.0529999371891,0.989624
0.0530999371891,1.03208
0.0531999371891,1.00377
0.0532999371891,1.00377
0.0533999371891,0.933021
0.0534999371891,1.03208
0.0535999371891,0.982549
0.0536999371891,0.883493
0.0537999371891,1.03915
0.0538999371891,0.947172
0.0539999371891,0.940096
0.0540999371891,1.01085
0.0541999371891,0.940096
0.0542999371891,0.968398
0.0543999371891,0.989624
0.0544999371891,0.925946
0.0545999371891,0.975473
0.0546999371891,1.00377
0.0547999371891,0.940096
0.0548999371891,1.04623
0.0549999371891,0.961323
0.0550999371891,1.025
0.0551999371891,0.989624
0.0552999371891,1.01793
0.0553999371891,0.940096
0.0554999371891,1.01793
0.0555999371891,0.911795
0.0556999371891,0.91887
0.0557999371891,0.989624
0.0558999371891,0.90472
0.0559999371891,0.989624
0.0560999371891,0.954247
0.0561999371891,0.925946
0.0562999371891,0.961323
0.0563999371891,0.968398
0.0564999371891,0.925946
0.0565999371891,0.975473
0.0566999371891,0.911795
0.0567999371891,0.968398
0.0568999371891,0.9967
0.0569999371891,0.961323
0.0570999371891,0.975473
0.0571999371891,0.954247
0.0572999371891,0.947172
0.0573999371891,0.940096
0.0574999371891,0.947172
0.0575999371891,0.947172
0.0576999371891,0.940096
0.0577999371891,0.982549
0.0578999371891,0.911795
0.0579999371891,0.947172
0.0580999371891,0.954247
0.0581999371891,0.911795
0.0582999371891,0.933021
0.0583999371891,0.982549
0.0584999371891,0.890569
0.0585999371891,0.968398
0.0586999371891,0.940096
0.0587999371891,0.897644
0.0588999371891,0.9967
0.0589999371891,0.925946
0.0590999371891,0.925946
0.0591999371891,1.00377
0.0592999371891,0.862267
0.0593999371891,0.968398
0.0594999371891,0.90472
0.0595999371891,0.91887
0.0596999371891,1.01085
0.0597999371891,0.925946
0.0598999371891,0.9967
0.0599999371891,0.925946
0.0600999371891,0.90472
0.0601999371891,0.975473
0.0602999371891,0.897644
0.0603999371891,0.947172
0.0604999371891,0.961323
0.0605999371891,0.947172
0.0606999371891,0.968398
0.0607999371891,0.911795
0.0608999371891,0.954247
0.0609999371891,0.947172
0.0610999371891,0.954247
0.0611999371891,0.982549
0.0612999371891,0.876418
0.0613999371891,0.883493
0.0614999371891,0.933021
0.0615999371891,0.954247
0.0616999371891,0.961323
0.0617999371891,0.947172
0.0618999371891,1.01793
0.0619999371891,0.876418
0.0620999371891,0.968398
0.0621999371891,0.989624
0.0622999371891,0.925946
0.0623999371891,0.9967
0.0624999371891,0.940096
0.0625999371891,0.883493
0.0626999371891,0.989624
0.0627999371891,0.911795
0.0628999371891,0.954247
0.0629999371891,0.933021
0.0630999371891,0.848117
0.0631999371891,0.890569
0.0632999371891,0.911795
0.0633999371891,0.897644
0.0634999371891,0.940096
0.0635999371891,0.940096
0.0636999371891,0.897644
0.0637999371891,0.90472
0.0638999371891,0.975473
0.0639999371891,0.869343
0.0640999371891,0.911795
0.0641999371891,0.961323
0.0642999371891,0.848117
0.0643999371891,0.982549
0.0644999371891,0.954247
0.0645999371891,0.911795
0.0646999371891,0.947172
0.0647999371891,0.876418
0.0648999371891,0.841041
0.0649999371891,0.968398
0.0650999371891,0.91887
0.0651999371891,0.925946
0.0652999371891,0.9967
0.0653999371891,0.890569
0.0654999371891,0.933021
0.0655999371891,0.954247
0.0656999371891,0.82689
0.0657999371891,0.982549
0.0658999371891,0.862267
0.0659999371891,0.897644
0.0660999371891,0.982549
0.0661999371891,0.876418
0.0662999371891,0.876418
0.0663999371891,1.01085
0.0664999371891,0.933021
0.0665999371891,1.01085
0.0666999371891,1.04623
0.0667999371891,1.06745
0.0668999371891,1.00377
0.0669999371891,1.01085
0.0670999371891,1.04623
0.0671999371891,1.025
0.0672999371891,1.10283
0.0673999371891,1.06745
0.0674999371891,1.01085
0.0675999371891,1.10283
0.0676999371891,1.0533
0.0677999371891,1.14528
0.0678999371891,1.13821
0.0679999371891,1.14528
0.0680999371891,1.25849
0.0681999371891,1.18773
0.0682999371891,1.11698
0.0683999371891,1.21604
0.0684999371891,1.07453
0.0685999371891,1.10991
0.0686999371891,1.10283
0.0687999371891,1.12406
0.0688999371891,1.20189
0.0689999371891,1.13113
0.0690999371891,1.13113
0.0691999371891,1.18066
0.0692999371891,1.12406
0.0693999371891,1.13821
0.0694999371891,1.10283
0.0695999371891,1.13113
0.0696999371891,1.15236
0.0697999371891,1.10991
0.0698999371891,1.09575
0.0699999371891,1.07453
0.0700999371891,1.11698
0.0701999371891,1.12406
0.0702999371891,1.10991
0.0703999371891,1.16651
0.0704999371891,1.07453
0.0705999371891,1.0816
0.0706999371891,1.18773
0.0707999371891,1.06745
0.0708999371891,1.04623
0.0709999371891,1.12406
0.0710999371891,1.0533
0.0711999371891,1.18066
0.0712999371891,1.06038
0.0713999371891,1.10283
0.0714999371891,1.08868
0.0715999371891,1.16651
0.0716999371891,1.18773
0.0717999371891,1.19481
0.0718999371891,1.32217
0.0719999371891,1.22311
0.0720999371891,1.15236
0.0721999371891,1.20189
0.0722999371891,1.07453
0.0723999371891,1.17358
0.0724999371891,1.12406
0.0725999371891,1.03915
0.0726999371891,1.16651
0.0727999371891,1.06745
0.0728999371891,1.10991
0.0729999371891,1.10283
0.0730999371891,1.10283
0.0731999371891,1.15236
0.0732999371891,1.10283
0.0733999371891,1.16651
0.0734999371891,1.03915
0.0735999371891,1.15236
0.0736999371891,1.13113
0.0737999371891,1.06038
0.0738999371891,1.12406
0.0739999371891,1.09575
0.0740999371891,1.01085
0.0741999371891,1.11698
0.0742999371891,1.08868
0.0743999371891,1.10283
0.0744999371891,1.09575
0.0745999371891,1.09575
0.0746999371891,1.04623
0.0747999371891,1.13113
0.0748999371891,1.06745
0.0749999371891,1.15236
0.0750999371891,1.15236
0.0751999371891,1.03915
0.0752999371891,1.18773
0.0753999371891,1.10283
0.0754999371891,1.12406
0.0755999371891,1.16651
0.0756999371891,1.09575
0.0757999371891,1.11698
0.0758999371891,1.13821
0.0759999371891,1.10283
0.0760999371891,1.17358
0.0761999371891,1.08868
0.0762999371891,1.08868
0.0763999371891,1.15943
0.0764999371891,1.13113
0.0765999371891,1.06038
0.0766999371891,1.10991
0.0767999371891,1.10991
0.0768999371891,1.11698
0.0769999371891,1.13113
0.0770999371891,1.15943
0.0771999371891,1.0533
0.0772999371891,1.09575
0.0773999371891,1.12406
0.0774999371891,1.0816
0.0775999371891,1.12406
0.0776999371891,1.07453
0.0777999371891,1.06038
0.0778999371891,1.13821
0.0779999371891,1.01793
0.0780999371891,1.10283
0.0781999371891,1.10991
0.0782999371891,1.07453
0.0783999371891,1.08868
0.0784999371891,1.12406
0.0785999371891,1.025
0.0786999371891,1.13113
0.0787999371891,1.08868
0.0788999371891,1.0816
0.0789999371891,1.15943
0.0790999371891,1.17358
0.0791999371891,1.11698
0.0792999371891,1.14528
0.0793999371891,1.19481
0.0794999371891,1.18773
0.0795999371891,1.14528
0.0796999371891,1.13821
0.0797999371891,1.10991
0.0798999371891,1.18066
0.0799999371891,1.0816
0.0800999371891,1.0816
0.0801999371891,1.14528
0.0802999371891,1.15236
0.0803999371891,1.10283
0.0804999371891,1.08868
0.0805999371891,1.06038
0.0806999371891,1.12406
0.0807999371891,1.06038
0.0808999371891,1.0533
0.0809999371891,1.14528
0.0810999371891,1.07453
0.0811999371891,1.13821
0.0812999371891,1.06038
0.0813999371891,1.07453
0.0814999371891,1.10283
0.0815999371891,1.11698
0.0816999371891,1.11698
0.0817999371891,1.06745
0.0818999371891,1.20189
0.0819999371891,1.13113
0.0820999371891,1.08868
0.0821999371891,1.16651
0.0822999371891,1.03915
0.0823999371891,1.17358
0.0824999371891,1.0816
0.0825999371891,1.14528
0.0826999371891,1.10283
0.0827999371891,1.08868
0.0828999371891,1.13821
0.0829999371891,1.03915
0.0830999371891,1.10283
0.0831999371891,1.0816
0.0832999371891,1.01085
0.0833999371891,1.13821
0.0834999371891,1.03208
0.0835999371891,1.08868
0.0836999371891,1.06038
0.0837999371891,0.989624
0.0838999371891,1.03208
0.0839999371891,1.04623
0.0840999371891,0.9967
0.0841999371891,0.975473
0.0842999371891,1.04623
0.0843999371891,0.9967
0.0844999371891,1.00377
0.0845999371891,1.0533
0.0846999371891,0.933021
0.0847999371891,0.989624
0.0848999371891,1.01085
0.0849999371891,0.961323
0.0850999371891,1.03208
0.0851999371891,0.925946
0.0852999371891,1.03208
0.0853999371891,1.06038
0.0854999371891,0.9967
0.0855999371891,1.025
0.0856999371891,1.01793
0.0857999371891,0.933021
0.0858999371891,1.025
0.0859999371891,0.975473
0.0860999371891,0.989624
0.0861999371891,0.9967
0.0862999371891,0.961323
0.0863999371891,0.91887
0.0864999371891,0.989624
0.0865999371891,0.982549
0.0866999371891,0.897644
0.0867999371891,0.961323
0.0868999371891,1.025
0.0869999371891,0.90472
0.0870999371891,1.03915
0.0871999371891,0.961323
0.0872999371891,0.989624
0.0873999371891,1.01793
0.0874999371891,0.961323
0.0875999371891,1.01085
0.0876999371891,1.01793
0.0877999371891,0.954247
0.0878999371891,0.940096
0.0879999371891,0.954247
0.0880999371891,0.940096
0.0881999371891,0.989624
0.0882999371891,1.01793
0.0883999371891,0.940096
0.0884999371891,1.01793
0.0885999371891,0.940096
0.0886999371891,0.954247
0.0887999371891,0.975473
0.0888999371891,0.954247
0.0889999371891,0.9967
0.0890999371891,1.03208
0.0891999371891,0.90472
0.0892999371891,0.947172
0.0893999371891,1.01793
0.0894999371891,0.911795
0.0895999371891,0.982549
0.0896999371891,1.00377
0.0897999371891,0.947172
0.0898999371891,0.982549
0.0899999371891,0.947172
0.0900999371891,0.947172
0.0901999371891,0.968398
0.0902999371891,0.925946
0.0903999371891,0.982549
0.0904999371891,0.982549
0.0905999371891,0.90472
0.0906999371891,1.01085
0.0907999371891,0.940096
0.0908999371891,0.961323
0.0909999371891,0.925946
0.0910999371891,0.883493
0.0911999371891,1.00377
0.0912999371891,0.91887
0.0913999371891,0.911795
0.0914999371891,0.954247
0.0915999371891,0.91887
0.0916999371891,0.940096
0.0917999371891,0.90472
0.0918999371891,0.911795
0.0919999371891,0.933021
0.0920999371891,0.883493
0.0921999371891,0.91887
0.0922999371891,0.933021
0.0923999371891,0.989624
0.0924999371891,0.947172
0.0925999371891,0.90472
0.0926999371891,0.961323
0.0927999371891,0.876418
0.0928999371891,0.975473
0.0929999371891,0.947172
0.0930999371891,0.961323
0.0931999371891,0.961323
0.0932999371891,0.855192
0.0933999371891,0.897644
0.0934999371891,0.975473
0.0935999371891,0.890569
0.0936999371891,0.933021
0.0937999371891,0.947172
0.0938999371891,0.897644
0.0939999371891,0.954247
0.0940999371891,0.954247
0.0941999371891,0.883493
0.0942999371891,0.961323
0.0943999371891,0.911795
0.0944999371891,0.876418
0.0945999371891,0.975473
0.0946999371891,0.933021
0.0947999371891,0.961323
0.0948999371891,0.933021
0.0949999371891,0.968398
0.0950999371891,0.982549
0.0951999371891,0.940096
0.0952999371891,0.890569
0.0953999371891,0.954247
0.0954999371891,0.954247
0.0955999371891,0.925946
0.0956999371891,0.954247
0.0957999371891,0.954247
0.0958999371891,0.933021
0.0959999371891,0.989624
0.0960999371891,0.989624
0.0961999371891,0.911795
0.0962999371891,0.975473
0.0963999371891,0.91887
0.0964999371891,0.911795
0.0965999371891,1.00377
0.0966999371891,0.911795
0.0967999371891,0.897644
0.0968999371891,0.975473
0.0969999371891,0.911795
0.0970999371891,0.961323
0.0971999371891,0.940096
0.0972999371891,0.940096
0.0973999371891,0.940096
0.0974999371891,0.989624
0.0975999371891,0.890569
0.0976999371891,0.947172
0.0977999371891,0.897644
0.0978999371891,0.925946
0.0979999371891,0.883493
0.0980999371891,0.968398
0.0981999371891,0.869343
0.0982999371891,0.91887
0.0983999371891,0.940096
0.0984999371891,0.911795
0.0985999371891,0.947172
0.0986999371891,0.911795
0.0987999371891,0.883493
0.0988999371891,0.989624
0.0989999371891,0.897644
0.0990999371891,0.954247
0.0991999371891,0.947172
0.0992999371891,0.876418
0.0993999371891,0.933021
0.0994999371891,0.883493
0.0995999371891,0.933021
0.0996999371891,0.982549
0.0997999371891,0.968398
0.0998999371891,0.954247